seed,period,context,hypothesis,early_events,delta_w_nonzero_neurons,delta_w_zero_neurons,delta_w_to_delta_s,raw_t_to_clipped_t,clipped_t_to_g_td,raw_t_to_neg_g_inh,g_td_to_net_topdown,neg_g_inh_to_net_topdown,net_topdown_to_d_residual,raw_t_to_delta_w,raw_t_to_delta_s,raw_t_to_role,clipped_t_to_delta_w,clipped_t_to_delta_s,clipped_t_to_role,g_td_to_delta_w,g_td_to_delta_s,g_td_to_role,neg_g_inh_to_delta_w,neg_g_inh_to_delta_s,neg_g_inh_to_role,net_topdown_peak_envelope_to_delta_w,net_topdown_peak_envelope_to_delta_s,net_topdown_peak_envelope_to_role,latency_advance_to_delta_w,latency_advance_to_delta_s,latency_advance_to_role,created_spike_frequency_to_delta_w,created_spike_frequency_to_delta_s,created_spike_frequency_to_role,d_residual_to_delta_w,d_residual_to_delta_s,d_residual_to_role
3100,pre,0,3,26,0,8,0.0,0.9310128700863438,0.9983491262227595,0.8562363612575113,0.98899409191719,0.9481290055068424,-0.44157620346772897,0.0,0.0,0.1825978671479793,0.0,0.0,0.0896722413954118,0.0,0.0,0.06814770583989432,0.0,0.0,0.2056157020649842,0.0,0.0,0.0678604121211027,0.0,0.0,0.0,0.0,0.0,0.0,0.0,0.0,-0.4340709248084107
3100,post,0,2,12,1,7,0.9999999999999998,0.8447293270824829,0.9960228080165149,0.749243907451067,0.9937740041150098,0.9623089360200902,-0.2107928147269383,0.6045256412827039,0.6045256412827039,0.7947189204400656,0.8817369392195069,0.8817369392195071,0.7507917778585633,0.8748177669793856,0.8748177669793855,0.7715167476597544,0.9047618620453247,0.9047618620453247,0.6299408335556832,0.9074182578562444,0.9074182578562443,0.7173218123580215,0.0,0.0,0.0,0.0,0.0,0.0,-0.4574107540080809,-0.45741075400808084,0.1428218420463462
3100,pre,1,10,10,0,8,0.0,0.8909857196279433,0.9698918409761459,0.0,0.9999771100571032,0.0,-0.6659369412103906,0.0,0.0,-0.1291747607436425,0.0,0.0,-0.2641531919382606,0.0,0.0,-0.3137202784690874,0.0,0.0,0.0,0.0,0.0,-0.31608023411294706,0.0,0.0,0.0,0.0,0.0,0.0,0.0,0.0,-0.20548908124151702
3100,post,1,14,23,1,7,1.0,0.8602009491489226,0.9991291261199217,0.8632818451166008,0.987212628427915,0.9856697581926165,0.22190056023132151,0.5219641360958094,0.5219641360958094,0.2887037955319242,0.6839770731658491,0.6839770731658492,0.6096505704960008,0.6569457894757483,0.6569457894757482,0.6195804924307121,0.6604258678940336,0.6604258678940337,0.6112618460537715,0.6714413007366156,0.6714413007366156,0.6810239621301072,0.0,0.0,0.0,0.0,0.0,0.0,-0.5452046135317694,-0.5452046135317695,0.1775436881458963
3101,pre,0,6,18,0,8,0.0,0.8893087028857355,0.997005018472455,0.0,0.999928441352292,0.0,-0.4122374152361053,0.0,0.0,0.6028853981441248,0.0,0.0,0.5430926316379706,0.0,0.0,0.5370861555295746,0.0,0.0,0.0,0.0,0.0,0.5388788054158988,0.0,0.0,0.0,0.0,0.0,0.0,0.0,0.0,0.24394229466339098
3101,post,0,7,11,1,7,1.0,0.9086766883396675,0.9827585143989104,0.8705800603476992,0.9969323391671847,0.9943689018327879,0.9447569416372493,0.815146282821956,0.8151462828219558,0.41685489758597727,0.9754073142700669,0.975407314270067,0.47603453502621845,0.9881169196707067,0.9881169196707063,0.38646345896657697,0.9759000729485331,0.9759000729485332,0.38729833462074165,0.9860563276621316,0.9860563276621315,0.39512277808882657,0.0,0.0,0.0,0.0,0.0,0.0,0.9282969602544763,0.9282969602544761,0.24210596286596336
3101,pre,1,9,13,0,8,0.0,0.9596705393696008,0.795485114845567,0.0,0.9991406626105029,0.0,-0.7119032462338738,0.0,0.0,-0.38180097864434637,0.0,0.0,-0.20232473606065804,0.0,0.0,0.13867504905630726,0.0,0.0,0.0,0.0,0.0,0.11864490748038012,0.0,0.0,0.0,0.0,0.0,0.0,0.0,0.0,-0.4053441660133944
3101,post,1,6,20,0,8,0.0,0.8835178575323703,0.9944680021017899,0.8152737100470975,0.9985757382984914,0.9668767921334331,0.8220325672579369,0.0,0.0,0.6039704801564454,0.0,0.0,0.34466778076315263,0.0,0.0,0.2700531897051418,0.0,0.0,0.35603458956107037,0.0,0.0,0.2524135794529447,0.0,0.0,0.0,0.0,0.0,0.0,0.0,0.0,0.21160966283403215
3102,pre,0,11,23,1,7,1.0,0.9324260297157415,0.9958269152467072,0.8579961989307902,0.9685371768391253,0.9742576940592562,0.25586641944383215,0.4918002955713062,0.4918002955713063,0.3584218075627543,0.7073197168629349,0.707319716862935,0.5147104877759279,0.6896390327087727,0.6896390327087731,0.5593035969150933,0.7368453069697,0.7368453069696997,0.45831649946113645,0.7760684265245089,0.7760684265245088,0.6140801432215455,0.0,0.0,0.0,0.0,0.0,0.0,0.2621669181948659,0.26216691819486604,-0.31376013476669573
3102,post,0,13,3,1,7,0.9999999999999998,0.8744044912898868,0.9553721408135143,0.0,1.0,0.0,0.0,0.7609556228590111,0.7609556228590109,0.49927212587192343,0.9553721408135141,0.955372140813514,0.45387593042127883,0.9999999999999998,1.0,0.3779644730092273,0.0,0.0,0.0,0.9999999999999998,1.0,0.37796447300922714,0.0,0.0,0.0,0.0,0.0,0.0,0.0,0.0,0.0
3102,pre,1,8,34,1,7,1.0,0.935448273993664,0.9995882897838909,0.9275875872404559,0.9930919079893826,0.9925791195984206,0.8522645619321845,0.5735496657437565,0.5735496657437565,0.5968777337732841,0.6644053237048135,0.6644053237048139,0.7207414332298107,0.6627944166288011,0.6627944166288015,0.7306621649394297,0.6954020618439459,0.6954020618439462,0.7322737791081119,0.692665722371596,0.6926657223715958,0.7511094555523146,0.0,0.0,0.0,0.0,0.0,0.0,0.34653442060568523,0.34653442060568523,0.7546860591465024
3102,post,1,5,17,1,7,1.0,0.9275461814351383,0.9807719146745182,0.8908094002914196,0.9962446046398468,0.974244021395285,0.7971580899576776,0.6343100076164864,0.6343100076164866,0.5126384360599813,0.8013260110762231,0.8013260110762234,0.3725726254310582,0.7280252083092643,0.7280252083092642,0.24077170617153842,0.8017836077371753,0.8017836077371754,0.35355335937337956,0.7312596419941394,0.7312596419941395,0.18813339356188363,0.0,0.0,0.0,0.0,0.0,0.0,0.1918083089193423,0.1918083089193423,0.08359668701227134
3103,pre,0,1,4,0,8,0.0,0.9578102489389304,0.9208043681564695,0.0,1.0,0.0,-0.5573191910296406,0.0,0.0,-0.31635129782217103,0.0,0.0,-0.3352469440169927,0.0,0.0,-0.3779644730092273,0.0,0.0,0.0,0.0,0.0,-0.37796447300922725,0.0,0.0,0.0,0.0,0.0,0.0,0.0,0.0,0.4398536344566421
3103,post,0,10,20,0,8,0.0,0.9337701209707422,0.9888350322754205,0.8969820475239737,0.9954428736662719,0.9887475742155981,0.8105285836117637,0.0,0.0,0.12080329095124626,0.0,0.0,-0.21274778149897458,0.0,0.0,-0.30929478778437114,0.0,0.0,-0.24999996688630977,0.0,0.0,-0.36062159075134204,0.0,0.0,0.0,0.0,0.0,0.0,0.0,0.0,-0.508750952157363
3103,pre,1,2,21,0,8,0.0,0.7981114399439267,0.9990009077740906,0.0,0.9998920221504083,0.0,0.6244566623659914,0.0,0.0,0.39870784192389247,0.0,0.0,0.4493320097749807,0.0,0.0,0.44177063089637436,0.0,0.0,0.0,0.0,0.0,0.4351011608050896,0.0,0.0,0.0,0.0,0.0,0.0,0.0,0.0,0.4672960545142755
3103,post,1,2,21,0,8,0.0,0.8830974147016452,0.9966804619877065,0.9041206214775791,0.9920024523399981,0.9920024487485547,0.18991077221283453,0.0,0.0,0.3477926603111621,0.0,0.0,0.6044948320701307,0.0,0.0,0.6099942813304187,0.0,0.0,0.6099942840361109,0.0,0.0,0.662582065360552,0.0,0.0,0.0,0.0,0.0,0.0,0.0,0.0,0.006318815499716555
3104,pre,0,2,4,0,8,0.0,0.8933740843459114,0.0,0.0,0.0,0.0,0.0,0.0,0.0,-0.24901570803219145,0.0,0.0,-0.5014646257945434,0.0,0.0,0.0,0.0,0.0,0.0,0.0,0.0,0.0,0.0,0.0,0.0,0.0,0.0,0.0,0.0,0.0,0.0788952593331439
3104,post,0,5,14,0,8,0.0,0.8569141772436295,0.9973940780171986,0.0,0.999962822646351,0.0,0.16350101026132582,0.0,0.0,0.6339063177181831,0.0,0.0,0.6211302566939012,0.0,0.0,0.6320654884985611,0.0,0.0,0.0,0.0,0.0,0.6341119576672496,0.0,0.0,0.0,0.0,0.0,0.0,0.0,0.0,0.29168352307723155
3104,pre,1,15,18,1,7,1.0,0.8794074402490533,0.997758219231162,0.8677234741523112,0.9912261903780264,0.9901805066916676,-0.9253701455233516,0.784935377616068,0.7849353776160684,0.4415471950657071,0.9395302797443869,0.9395302797443873,0.23617499984125617,0.957212485038254,0.9572124850382542,0.26706850804640825,0.9528276285787544,0.9528276285787549,0.2607873829546557,0.9671522247792265,0.9671522247792269,0.21317339408658048,0.0,0.0,0.0,0.0,0.0,0.0,-0.9834694098260186,-0.9834694098260189,-0.4465642693540138
3104,post,1,15,20,1,7,-0.9999999999999998,0.9866963207009376,0.9999386780132541,0.9876073183047593,0.9972658997124038,0.9972658980228037,-0.0719173896282098,0.9702661777570042,-0.9702661777570042,0.5035624874240088,0.9934825256381244,-0.9934825256381243,0.4252480230600664,0.9921593040474271,-0.9921593040474274,0.4295465639130129,0.9921593001323294,-0.9921593001323296,0.429546575997782,0.9961875723464865,-0.9961875723464865,0.38934850243207236,1.0,-0.9999999999999998,0.37796447300922725,0.9999999999999999,-1.0,0.37796447300922725,-0.14285714285714285,0.14285714285714282,0.3779644730092272
3105,pre,0,2,18,0,8,0.0,0.7693691441284676,0.9505128449940633,0.0,0.9999664987172948,0.0,0.8421136435644181,0.0,0.0,0.5559316050056127,0.0,0.0,0.6938476232490567,0.0,0.0,0.7233393492970543,0.0,0.0,0.0,0.0,0.0,0.7210684622555356,0.0,0.0,0.0,0.0,0.0,0.0,0.0,0.0,0.32655901082603395
3105,post,0,5,8,0,8,0.0,0.8070032113075799,0.9586744002644443,0.0,0.9999662841260932,0.0,-0.18296926638040284,0.0,0.0,0.27292769363466607,0.0,0.0,0.2532718579657138,0.0,0.0,0.03668644191235265,0.0,0.0,0.0,0.0,0.0,0.03194884544704215,0.0,0.0,0.0,0.0,0.0,0.0,0.0,0.0,-0.7085466193184838
3105,pre,1,10,30,1,7,1.0,0.9262879029832845,0.9795667620677497,0.8411907068734219,0.9964739688500858,0.9938980325882469,0.2876539885257027,0.7486088014247472,0.7486088014247472,0.5721760292510222,0.9134480766760943,0.9134480766760944,0.48808950582019206,0.9272500265149227,0.9272500265149226,0.4954886290182247,0.9449111574914689,0.944911157491469,0.5000000220757915,0.9371709084019451,0.937170908401945,0.46511599718199176,0.0,0.0,0.0,0.0,0.0,0.0,0.01653117235026044,0.016531172350260442,0.5778254086515682
3105,post,1,10,30,1,7,-0.9999999999999998,0.9788606260003769,0.9998902407130079,0.9799534279381742,0.9971898373747704,0.997189836366604,0.054342619150914706,0.9571518037071756,-0.9571518037071757,0.29401892667441243,0.9918684195142732,-0.9918684195142732,0.3356747968105912,0.9899068293298843,-0.9899068293298842,0.32937957397230905,0.9899068266403824,-0.9899068266403823,0.3293795672132188,0.9945051179495449,-0.9945051179495449,0.34772692700540697,1.0,-1.0,0.3779644730092272,0.9999999999999998,-0.9999999999999996,0.3779644730092271,0.049311616804702196,-0.049311616804702196,-0.23419459497859443
3106,pre,0,3,18,0,8,0.0,0.863169424993886,0.9909298872212832,0.0,0.9999510502227471,0.0,0.7153996151791298,0.0,0.0,0.8283372613216755,0.0,0.0,0.8810560902235397,0.0,0.0,0.8800705415623881,0.0,0.0,0.0,0.0,0.0,0.8799309580280642,0.0,0.0,0.0,0.0,0.0,0.0,0.0,0.0,0.4218798577442915
3106,post,0,7,12,1,7,0.9999999999999998,0.8430568762316741,0.9678312809594078,0.0,0.9999916229760792,0.0,-0.9741317667405691,0.710930298177207,0.710930298177207,0.7054564225540607,0.9529463916945891,0.952946391694589,0.5803144316040763,0.9921593040474271,0.9921593040474271,0.4295465639130129,0.0,0.0,0.0,0.9916394306721638,0.9916394306721636,0.43112200916404614,0.0,0.0,0.0,0.0,0.0,0.0,-0.9442010119354863,-0.9442010119354864,-0.5053069894244777
3106,pre,1,4,26,1,7,1.0,0.873784552043178,0.9905597462125079,0.817252725381445,0.9821235997828791,0.9798409943355165,0.20353137468961496,0.6915132301189696,0.6915132301189698,0.6895048344827878,0.8906245652902496,0.8906245652902498,0.6210543476149832,0.8867474246429197,0.8867474246429201,0.64769994965782,0.9352599651359952,0.9352599651359954,0.5495037964630778,0.9287143943085027,0.9287143943085027,0.5509705508063955,0.0,0.0,0.0,0.0,0.0,0.0,-0.08627948762360471,-0.08627948762360471,0.4448793684938555
3106,post,1,9,11,1,7,1.0,0.9419403363044673,0.9960447840168484,0.0,1.0,0.0,-0.7951744180328342,0.9366240090233272,0.9366240090233272,0.45581683140967916,0.9960447840168484,0.9960447840168486,0.3488002032047464,1.0,1.0,0.3779644730092272,0.0,0.0,0.0,1.0,1.0,0.37796447300922725,0.0,0.0,0.0,0.0,0.0,0.0,-0.7951744180328341,-0.7951744180328342,-0.13327862782581434
3107,pre,0,11,29,0,8,0.0,0.8762079247668587,0.9958026715272562,0.8467665792412123,0.985668842071806,0.974527258085349,-0.8041325938716565,0.0,0.0,0.2136675329285855,0.0,0.0,-0.0443439342502029,0.0,0.0,-0.0985329234406037,0.0,0.0,-0.13127291650035644,0.0,0.0,-0.19488316150453672,0.0,0.0,0.0,0.0,0.0,0.0,0.0,0.0,-0.17495836407523205
3107,post,0,14,21,1,7,0.9999999999999997,0.897459812217595,0.9973894238842742,0.9105142473838661,0.986301864860054,0.987007947368649,-0.18531657375212163,0.7150866419990558,0.7150866419990559,0.8373056235808347,0.9146337412212772,0.914633741221277,0.681381637702368,0.8998941965388472,0.8998941965388474,0.7246205975058925,0.9007916898641183,0.9007916898641183,0.7189865291806742,0.9371530728546926,0.9371530728546924,0.6321970874424392,0.0,0.0,0.0,0.0,0.0,0.0,-0.47526771656429073,-0.4752677165642908,0.42828669748626236
3107,pre,1,8,23,1,7,1.0,0.9780456713419339,0.9997932477240283,0.9511435840593515,0.9978588905650052,0.9888710691686361,0.990838887529181,0.9511435840593516,0.9511435840593517,0.29328611764286455,0.9877004792275396,0.9877004792275396,0.3226070781961441,0.9843241385940035,0.9843241385940038,0.3143092792213337,1.0,1.0,0.3779644730092272,0.988871069168636,0.988871069168636,0.3283080498867812,0.0,0.0,0.0,0.0,0.0,0.0,0.9998307770700844,0.9998307770700845,0.3696463903208111
3107,post,1,8,20,1,7,-1.0,0.9974894821440029,1.0,0.9974894821440029,0.9996902836114858,0.9996902836114858,0.9975324543105432,0.997489482144003,-0.9974894821440028,0.38767230638442035,1.0,-0.9999999999999998,0.3779644730092272,1.0,-1.0,0.37796447300922725,1.0,-1.0,0.37796447300922725,0.9996902836114857,-0.9996902836114857,0.3740073440903099,1.0,-1.0,0.37796447300922725,1.0,-1.0,0.37796447300922725,0.9989707036254016,-0.9989707036254015,0.3845746417918334
3108,pre,0,10,37,0,8,0.0,0.8851648877400744,0.9927798371283154,0.8573772363268406,0.9899031404979198,0.9899031404979198,-0.8639707244891712,0.0,0.0,0.13622540946743045,0.0,0.0,-0.042128125274203176,0.0,0.0,4.152055364533959e-17,0.0,0.0,0.0,0.0,0.0,-0.0274674442345749,0.0,0.0,0.0,0.0,0.0,0.0,0.0,0.0,-0.06206634497229058
3108,post,0,10,21,0,8,0.0,0.9337498503088064,0.9998565391784563,0.9255574015448622,0.9893019675570855,0.9930236629370791,-0.6090118972371964,0.0,0.0,0.1402933494484415,0.0,0.0,0.0034302416304222987,0.0,0.0,0.008963294279000751,0.0,0.0,-3.770239833147845e-17,0.0,0.0,-0.04452847300780803,0.0,0.0,0.0,0.0,0.0,0.0,0.0,0.0,0.07514650818013625
3108,pre,1,6,25,0,8,0.0,0.9101242022651135,0.9985583342965965,0.8935641902587903,0.9850986782202732,0.9840946370477793,0.721855739213254,0.0,0.0,0.1353620411555701,0.0,0.0,0.024761875763397015,0.0,0.0,-0.005637674030032243,0.0,0.0,0.013535076259091363,0.0,0.0,-0.07170541324689383,0.0,0.0,0.0,0.0,0.0,0.0,0.0,0.0,-0.385149026700278
3108,post,1,2,10,1,7,1.0,0.9008945970117967,0.921033085946884,0.0,0.9996248044882494,0.0,0.7576668132993692,0.5135998497940611,0.5135998497940613,0.08725547157006569,0.6984030298299547,0.6984030298299546,0.16735194588792193,0.6614378277661477,0.6614378277661476,0.24999999999999994,0.0,0.0,0.0,0.6406466369269245,0.6406466369269246,0.2421416685112188,0.0,0.0,0.0,0.0,0.0,0.0,0.9757700434697484,0.9757700434697485,0.38036681333533984
3109,pre,0,14,40,1,7,1.0,0.9271588685475266,0.9958391915789463,0.8867251258026638,0.9891161591128602,0.9901685578025761,-0.8042350617006087,0.8714344643533191,0.8714344643533191,0.14777414948442355,0.9854947961001048,0.9854947961001053,0.33138544529139347,0.9824304213037512,0.9824304213037512,0.310235043139395,0.9980734352450799,0.9980734352450799,0.3569277395244361,0.9849174265961222,0.9849174265961224,0.36478299542275855,0.0,0.0,0.0,0.0,0.0,0.0,-0.7847825510840875,-0.7847825510840875,-0.16448308791103491
3109,post,0,14,22,1,7,-0.9999999999999998,0.9856281845307291,0.9999922974147641,0.9853397529385823,0.9982502691618264,0.9982502691618264,-0.16129276711826546,0.9853397529385824,-0.9853397529385823,0.3959123641363753,0.999992297414764,-0.9999922974147639,0.3758021985420938,0.9999999999999999,-1.0,0.3779644730092272,1.0,-0.9999999999999998,0.37796447300922725,0.9982502691618262,-0.9982502691618265,0.36775710489088753,1.0,-0.9999999999999998,0.3779644730092272,1.0,-1.0,0.37796447300922725,-0.11415201363242333,0.11415201363242329,0.11014929999665525
3109,pre,1,4,20,0,8,0.0,0.894380465818119,0.9993839603752974,0.817339318355734,0.9951542052196389,0.9459547728102489,0.9824699063371036,0.0,0.0,0.10350579800451976,0.0,0.0,-0.23792014410315515,0.0,0.0,-0.2398942728922125,0.0,0.0,-0.0985329507932203,0.0,0.0,-0.2836266446132868,0.0,0.0,0.0,0.0,0.0,0.0,0.0,0.0,-0.1545229202483918
3109,post,1,12,16,1,7,0.9999999999999998,0.8860437286009627,0.9888691358092129,0.878801956221844,0.9790517933583296,0.9741837586240508,0.8857949927759241,0.6265165453351862,0.6265165453351861,0.4510278570304913,0.7904564538976716,0.7904564538976716,0.4935760962130783,0.7548179656545261,0.7548179656545257,0.4213981123545391,0.7591673084107925,0.7591673084107923,0.4718112101147591,0.7745295197392501,0.77452951973925,0.40179369964468226,0.0,0.0,0.0,0.0,0.0,0.0,0.8798856568751692,0.879885656875169,0.5855969217030792
3110,pre,0,9,32,0,8,0.0,0.8738668302244044,0.9906948814430715,0.8411474842602144,0.9955800498341819,0.9912404449504812,-0.39020671136697604,0.0,0.0,0.5585456810312646,0.0,0.0,0.2927560502662626,0.0,0.0,0.2727390013965071,0.0,0.0,0.21310195709769003,0.0,0.0,0.21606420299495102,0.0,0.0,0.0,0.0,0.0,0.0,0.0,0.0,-0.47183668967279124
3110,post,0,9,27,1,7,1.0,0.9419358113712059,0.9999810197025087,0.9403548194476908,0.9956220491350505,0.9961087854001002,0.33660775980218427,0.7099524901809194,0.7099524901809194,0.526811456309246,0.7738693753951614,0.7738693753951612,0.5582067365232328,0.7703603052970825,0.7703603052970824,0.5577958405030261,0.7748542568168915,0.7748542568168914,0.5631961431829012,0.7869001216221571,0.786900121622157,0.5567642610316341,0.0,0.0,0.0,0.9999999999999998,0.9999999999999998,0.3779644730092272,-0.29726433712250055,-0.2972643371225005,0.18602784084524523
3110,pre,1,15,25,1,7,1.0,0.8632059713937683,0.9713832828474157,0.7828002508907698,0.977206922969994,0.9664108242374742,0.464412773517863,0.6072990770855701,0.6072990770855702,0.13895494143908851,0.8523250886514484,0.8523250886514484,0.34821424678158586,0.8028725444568753,0.8028725444568754,0.2844912172766053,0.8331721466192439,0.8331721466192438,0.4348749550941694,0.8286840076072407,0.8286840076072408,0.3466112728700762,0.0,0.0,0.0,0.0,0.0,0.0,0.08608884846981414,0.08608884846981414,0.008374422255229696
3110,post,1,7,17,1,7,0.9999999999999998,0.9215903165015452,0.9978370483588606,0.8918288118929547,0.9779749415808969,0.983414785135148,-0.021082736037854915,0.6575542762498078,0.6575542762498077,0.3058703199529454,0.8021351896836275,0.8021351896836275,0.3308187344806126,0.8376519864170686,0.8376519864170687,0.3313972097048181,0.8805218534563187,0.8805218534563186,0.3541055779896741,0.8795067940152105,0.8795067940152105,0.33005945963828387,0.0,0.0,0.0,0.0,0.0,0.0,-0.42645214843396956,-0.42645214843396945,-0.36594804718116475
3111,pre,0,5,21,0,8,0.0,0.9010828585523244,0.9663757643059171,0.8198412366090135,0.9883368855915262,0.9831388914729658,0.7050592412011817,0.0,0.0,0.35270683204788084,0.0,0.0,0.45490407705274355,0.0,0.0,0.482887188542101,0.0,0.0,0.5082556353021173,0.0,0.0,0.4805553079491067,0.0,0.0,0.0,0.0,0.0,0.0,0.0,0.0,0.5895844202498282
3111,post,0,5,24,1,7,0.9999999999999999,0.9412751595390986,0.9998590732001565,0.9405663493104197,0.9934645588469416,0.994977089885697,0.0,0.9109143978794201,0.9109143978794203,-0.17097745024854152,0.9926619978953981,0.9926619978953983,-0.31588788267504064,0.9907390820210935,0.9907390820210936,-0.30468824209866185,0.9918765839812081,0.9918765839812084,-0.31740820425148975,0.9950449478985772,0.9950449478985774,-0.35466353344873913,1.0,1.0,-0.3779644730092272,0.9999999999999998,1.0,-0.37796447300922714,0.0,0.0,0.0
3111,pre,1,0,17,1,7,1.0,0.9130137577669283,0.9971669650319054,0.8766588932166902,0.9938996893971667,0.9829408834208422,0.8785779283549398,0.5761045264699861,0.576104526469986,0.6940149304838751,0.7064158518050289,0.7064158518050287,0.7214824465859238,0.6883116909035327,0.6883116909035328,0.7444754761807187,0.7060987933107666,0.7060987933107667,0.6938886888331225,0.713197420453752,0.7131974204537519,0.7312073474721859,0.0,0.0,0.0,0.0,0.0,0.0,0.3277902010263576,0.3277902010263577,0.7312016415336429
3111,post,1,10,5,1,7,1.0,0.8696896370907459,0.9912466281661871,0.0,0.9999278833354026,0.0,-0.2738415548992286,0.6658225513215135,0.6658225513215135,0.38440318600728557,0.8232223165934653,0.8232223165934655,0.5513896515375162,0.8824975032927699,0.8824975032927699,0.5388159060803247,0.0,0.0,0.0,0.8767855867853686,0.8767855867853686,0.5412677030791642,0.0,0.0,0.0,0.0,0.0,0.0,-0.19122215937990905,-0.19122215937990905,0.15683029589461112
